classifier,delta_AUROC_alignment_minus_amplitude,delta_AUROC_combined_minus_amplitude,delta_AUROC_alignment_minus_amplitude_plus_carrier,delta_log_loss_alignment_minus_amplitude,delta_log_loss_combined_minus_amplitude
logistic,0.3469146825396825,0.35583758503401364,0.2736493764172335,-0.6833447319924986,-0.7148293251149993
random_forest,0.33305555555555555,0.33716128117913835,0.2668537414965987,-0.47559062640720695,-0.47677716511019586
