classifier,model,balanced_accuracy_mean,balanced_accuracy_sd,macro_AUROC_mean,macro_AUROC_sd,log_loss_mean,log_loss_sd,n_features
logistic,alignment_only,0.7214285714285715,0.035013638899586315,0.9166624149659863,0.015858340602017424,0.6763932895479989,0.07607270237176615,15
logistic,amplitude_only,0.3132142857142857,0.03585757933251246,0.5697477324263038,0.024462086016957783,1.3597380215404975,0.021658828607319883,3
logistic,amplitude_plus_carrier_mass,0.35892857142857143,0.039441163145224396,0.6430130385487528,0.030370508022364975,1.3172210092110355,0.03625289159692575,4
logistic,combined,0.74,0.03426600141146149,0.9255853174603175,0.014657290229202646,0.6449086964254982,0.0749326821372638,19
random_forest,alignment_only,0.6842857142857143,0.035944000617127166,0.8996272675736962,0.01644394116563064,0.9010483872402055,0.02615488222528568,15
random_forest,amplitude_only,0.2991666666666667,0.0417595260530989,0.5665717120181406,0.03069229340066913,1.3766390136474125,0.03106961219936765,3
random_forest,amplitude_plus_carrier_mass,0.37833333333333335,0.041172376082847226,0.6327735260770975,0.0336848862323591,1.3331298945113397,0.04380296041504827,4
random_forest,combined,0.695,0.04117935291445695,0.903732993197279,0.017123077078790398,0.8998618485372166,0.026249234784887995,19
