classifier,model,balanced_accuracy_mean,balanced_accuracy_sd,macro_AUROC_mean,macro_AUROC_sd,log_loss_mean,log_loss_sd,n_features
logistic,alignment_only,0.9982142857142857,0.0035954788672179776,1.0,0.0,0.010796955738067297,0.006955183400937964,15
logistic,amplitude_only,0.23928571428571427,0.027145270163010618,0.501016156462585,0.030632209331362077,1.389710816177513,0.007147492889640211,3
logistic,amplitude_plus_carrier_mass,0.2526190476190476,0.03479058050154512,0.49729450113378687,0.02713537098875964,1.3932878206277035,0.009040536396017563,4
logistic,combined,0.9982142857142857,0.0035954788672179776,1.0,0.0,0.011072284544927717,0.007184333541920166,19
random_forest,alignment_only,0.9982142857142857,0.0035954788672179776,1.0,0.0,0.009658896286935224,0.004882663582871324,15
random_forest,amplitude_only,0.26654761904761903,0.03630345751801687,0.5324022108843537,0.03440923066525103,1.4057614787777823,0.03488994882028648,3
random_forest,amplitude_plus_carrier_mass,0.28428571428571425,0.03436269711644273,0.5352140022675737,0.03120569359189862,1.404518615106848,0.026189333295233912,4
random_forest,combined,0.9982142857142857,0.0035954788672179776,1.0,0.0,0.0100106865672365,0.0048379593768816155,19
